,City,Lat,Lng,Max Temp,Humidity,Cloudiness,Wind Speed,Country,Date
0,vila velha,-20.3297,-40.2925,21.97,80,0,6.17,BR,1662795207
1,ribeira grande,38.5167,-28.7,23.22,78,40,10.29,PT,1662795208
2,mar del plata,-38.0023,-57.5575,4.41,87,0,5.36,AR,1662795209
3,thompson,55.7435,-97.8558,8.09,93,75,3.09,CA,1662795211
4,sao joao da barra,-21.6403,-41.0511,20.06,82,0,6.68,BR,1662795212
5,mulchen,-37.7167,-72.2333,2.98,93,6,2.74,CL,1662795213
6,vanavara,60.34,102.2797,10.57,70,100,4.43,RU,1662795214
7,baay,18.1188,120.5753,29.77,79,75,3.6,PH,1662795215
8,busselton,-33.65,115.3333,16.15,63,100,4.28,AU,1662795029
9,pevek,69.7008,170.3133,6.95,75,63,3.29,RU,1662795216
10,ushuaia,-54.8,-68.3,2.81,93,100,5.66,AR,1662795217
11,cape town,-33.9258,18.4232,16.16,86,0,1.79,ZA,1662795040
12,ternate,0.8,127.4,28.03,74,100,1.65,ID,1662795219
13,provideniya,64.3833,-173.3,7.53,78,28,2.71,RU,1662795219
14,rikitea,-23.1203,-134.9692,22,77,7,7.76,PF,1662795220
15,mackenzie,55.2999,-123.1698,10.12,76,0,2.57,CA,1662795222
16,port elizabeth,-33.918,25.5701,20.61,94,75,2.06,ZA,1662795223
17,umm lajj,25.0213,37.2685,32.07,62,0,5.09,SA,1662795224
18,fernley,39.608,-119.2518,23.33,13,0,2.21,US,1662795225
19,yellowknife,62.456,-114.3525,6.29,87,40,3.09,CA,1662795060
20,laramie,41.3114,-105.5911,6.54,87,100,5.14,US,1662795226
21,hobart,-42.8794,147.3294,14.59,84,75,5.66,AU,1662794880
22,wenzhou,27.9994,120.6668,30.51,47,4,3.57,CN,1662794808
23,ponta do sol,32.6667,-17.1,24.28,78,24,2.39,PT,1662795229
24,kapaa,22.0752,-159.319,26.18,86,75,5.66,US,1662795232
25,suntar,62.1444,117.6319,9.85,54,95,4.31,RU,1662795232
26,punta arenas,-53.15,-70.9167,4.06,87,40,10.29,CL,1662795233
27,boqueirao,-7.5,-36.1333,18.75,97,24,2.01,BR,1662795234
28,berlevag,70.8578,29.0864,8.97,81,75,9.26,NO,1662795235
29,chapais,49.7834,-74.8492,14.88,78,6,3.18,CA,1662795236
30,edson,53.5835,-116.4356,4.08,93,0,2.06,CA,1662795237
31,ilheus,-14.7889,-39.0494,17.54,88,40,1.41,BR,1662795238
32,puerto ayora,-0.7393,-90.3518,18.64,96,95,4.92,EC,1662795239
33,clyde river,70.4692,-68.5914,3.13,100,100,2.06,CA,1662795240
34,saint-philippe,-21.3585,55.7679,24.77,70,7,6.67,RE,1662795241
35,hofn,64.2539,-15.2082,11.42,98,100,3.57,IS,1662795242
36,djambala,-2.5447,14.7533,22.07,78,99,2.43,CG,1662795243
37,tasiilaq,65.6145,-37.6368,4.09,65,21,2.64,GL,1662795243
38,vardo,70.3705,31.1107,10.99,76,100,6.17,NO,1662795244
39,beringovskiy,63.05,179.3167,8.29,84,100,2.46,RU,1662795246
40,mataura,-46.1927,168.8643,9.15,98,11,1.09,NZ,1662795246
41,guerrero negro,27.9769,-114.0611,24.03,80,0,3.86,MX,1662795248
42,qaanaaq,77.484,-69.3632,-1.46,62,7,3.3,GL,1662795249
43,codrington,-38.2667,141.9667,10.33,77,100,5.89,AU,1662795250
44,sur,22.5667,59.5289,32.76,45,71,3.36,OM,1662795251
45,esperance,-33.8667,121.9,15.63,69,46,5.38,AU,1662795252
46,port alfred,-33.5906,26.891,19.54,83,21,1.34,ZA,1662795253
47,hermanus,-34.4187,19.2345,13.78,78,100,3.53,ZA,1662795254
48,coahuayana,18.7333,-103.6833,25.31,94,100,1.27,MX,1662795255
49,sakaiminato,35.55,133.2333,25.99,83,75,6.69,JP,1662795256
50,arraial do cabo,-22.9661,-42.0278,20.4,87,0,10.19,BR,1662795257
51,iquique,-20.2208,-70.1431,14.02,72,3,2.04,CL,1662795258
52,vaini,-21.2,-175.2,24.09,88,75,3.09,TO,1662795259
53,tutoia,-2.7619,-42.2744,25.45,79,52,5.49,BR,1662795260
54,hasaki,35.7333,140.8333,27.39,75,1,9.22,JP,1662795121
55,chokurdakh,70.6333,147.9167,4.11,94,100,4.31,RU,1662795261
56,zharkent,44.1628,80,32.57,18,0,0.81,KZ,1662795262
57,albany,42.6001,-73.9662,15.29,92,0,0.95,US,1662795262
58,hithadhoo,-0.6,73.0833,27.75,71,23,5.49,MV,1662795263
59,jamestown,42.097,-79.2353,19.29,74,0,2.06,US,1662795264
60,hilo,19.7297,-155.09,24.04,89,75,2.06,US,1662795264
61,cangucu,-31.395,-52.6756,3.28,77,3,3.18,BR,1662795265
62,nikolskoye,59.7035,30.7861,12.1,53,9,1.92,RU,1662795266
63,luderitz,-26.6481,15.1594,20.45,46,0,6.08,NA,1662795267
64,bluff,-46.6,168.3333,9.33,82,1,4.07,NZ,1662795267
65,tuktoyaktuk,69.4541,-133.0374,6.14,82,100,8.7,CA,1662795268
66,yulara,-25.2406,130.9889,15.02,66,100,9.25,AU,1662795269
67,avarua,-21.2078,-159.775,24.03,88,40,5.14,CK,1662795270
68,lagoa,39.05,-27.9833,22.19,80,1,12.68,PT,1662795271
69,singkawang,0.9,109,27.75,75,100,3.27,ID,1662795272
70,saldanha,-33.0117,17.9442,14.03,82,95,4.66,ZA,1662795273
71,synya,65.3718,58.0387,4.3,96,100,1.17,RU,1662795273
72,ponnani,10.767,75.9252,25.62,81,100,6.31,IN,1662795274
73,hualmay,-11.0964,-77.6139,14.96,85,31,3.8,PE,1662795274
74,vanimo,-2.6741,141.3028,27.9,77,92,3.54,PG,1662795275
75,la seyne-sur-mer,43.0982,5.8847,21.45,60,48,3.13,FR,1662795276
76,carutapera,-1.195,-46.02,25.23,81,7,3.55,BR,1662795277
77,hambantota,6.1241,81.1185,34.19,55,40,8.75,LK,1662795277
78,dikson,73.5069,80.5464,2.93,77,99,2.89,RU,1662795278
79,iizuka,33.6333,130.6833,35.5,67,100,2.94,JP,1662795110
80,atuona,-9.8,-139.0333,24.86,75,11,10.99,PF,1662795279
81,georgetown,5.4112,100.3354,31.97,59,20,4.12,MY,1662795280
82,pisco,-13.7,-76.2167,12.23,87,54,1.54,PE,1662795282
83,tiksi,71.6872,128.8694,4.38,95,100,1.66,RU,1662795283
84,barrancabermeja,7.0653,-73.8547,22.27,99,71,0.8,CO,1662795284
85,lajas,18.05,-67.0593,26.77,88,100,1.79,PR,1662795284
86,alofi,-19.0595,-169.9187,22.94,78,22,2.06,NU,1662795285
87,chernyshevskiy,63.0128,112.4714,5.77,65,96,5.06,RU,1662795285
88,olafsvik,64.8945,-23.7142,11.98,83,95,5.05,IS,1662795286
89,taunton,51.0211,-3.1047,16.84,93,65,0.89,GB,1662795287
90,talara,-4.5772,-81.2719,16.89,86,41,7.94,PE,1662795287
91,nizhniy kuranakh,58.8353,125.4869,10.99,55,37,3.16,RU,1662795288
92,lavrentiya,65.5833,-171,5.62,84,79,2.37,RU,1662795289
93,vama,47.5667,25.6833,17.09,77,87,1.6,RO,1662795290
94,sao felix do xingu,-6.6447,-51.995,22.35,64,17,0.72,BR,1662795290
95,tigil,57.8,158.6667,10.43,95,100,4.78,RU,1662795292
96,mahebourg,-20.4081,57.7,25.16,57,75,7.72,MU,1662795292
97,sao filipe,14.8961,-24.4956,25.8,82,37,1.75,CV,1662795293
98,bengkulu,-3.8004,102.2655,26.18,79,100,2.18,ID,1662795294
99,soderhamn,61.3037,17.0592,13.55,62,9,0.86,SE,1662795294
100,ust-maya,60.4167,134.5333,11.34,52,84,3.36,RU,1662795295
101,bredasdorp,-34.5322,20.0403,16.64,62,100,2.78,ZA,1662795296
102,kedrovyy,56.1667,91.8167,14.37,41,90,2.8,RU,1662795297
103,sangar,63.9242,127.4739,4.83,85,100,3.93,RU,1662795298
104,kaohsiung,22.6163,120.3133,31.05,72,75,5.14,TW,1662794820
105,tyukalinsk,55.8732,72.1967,15.2,46,47,3.52,RU,1662795300
106,lardos,36.0942,28.0157,27.75,43,0,2.08,GR,1662795300
107,lebu,-37.6167,-73.65,6.89,86,2,6.79,CL,1662795301
108,stephenville,32.2207,-98.2023,22.44,63,40,2.06,US,1662795302
109,ambulu,-8.345,113.6058,26.74,83,90,4.15,ID,1662795302
110,carnarvon,-24.8667,113.6333,21.41,54,0,8.36,AU,1662795217
111,east london,-33.0153,27.9116,17.52,88,75,2.57,ZA,1662795305
112,ajdabiya,30.7554,20.2263,28.18,35,0,1.56,LY,1662795305
113,tuatapere,-46.1333,167.6833,5.79,91,6,1.29,NZ,1662795306
114,palana,59.1167,159.9667,7.63,87,69,2.93,RU,1662795307
115,gat,31.61,34.7642,30.43,2,0,3.67,IL,1662795308
116,namatanai,-3.6667,152.4333,27.15,75,34,4.79,PG,1662795309
117,oster,50.9506,30.8823,9.34,83,100,6.83,UA,1662795310
118,armilla,37.141,-3.6185,21.74,55,0,1.03,ES,1662795311
119,kang,-23.6752,22.7876,28.66,14,0,5.44,BW,1662795312
120,pustoshka,56.3355,29.369,12.22,46,77,3.75,RU,1662795313
121,ornskoldsvik,63.2909,18.7153,9.53,81,100,1.54,SE,1662795313
122,mandalgovi,45.7625,106.2708,29.76,9,1,4.79,MN,1662795314
123,khatanga,71.9667,102.5,2.61,73,100,4.54,RU,1662795315
124,aklavik,68.2191,-135.0107,7.43,98,100,1.45,CA,1662795316
125,boende,-0.2167,20.8667,29.22,56,60,1.92,CD,1662795317
126,torbay,47.6666,-52.7314,13.55,94,100,5.66,CA,1662795318
127,cayenne,4.9333,-52.3333,22.02,100,0,0,GF,1662795264
128,camana,-16.6228,-72.7111,14.44,87,63,4.48,PE,1662795319
129,cabo san lucas,22.8909,-109.9124,25.84,84,58,1.79,MX,1662795320
130,richards bay,-28.783,32.0377,26.31,57,33,1.55,ZA,1662795042
131,dospat,41.65,24.1667,21.82,52,36,2.21,BG,1662795322
132,bintulu,3.1667,113.0333,30.23,70,40,2.24,MY,1662795323
133,pangoa,-12.1167,-73,20.23,71,29,1.49,PE,1662795324
134,kardla,58.9978,22.7492,11.7,87,0,3.6,EE,1662795324
135,biltine,14.5333,20.9167,26.96,64,89,1.99,TD,1662795325
136,australind,-33.2667,115.7167,15.7,68,100,3.95,AU,1662795230
137,kearney,40.6995,-99.0815,12.31,98,100,5.66,US,1662795326
138,inhambane,-23.865,35.3833,25.1,52,0,2.75,MZ,1662795327
139,bilma,18.6853,12.9164,33.16,16,99,7.41,NE,1662795327
140,moose factory,51.2585,-80.6094,11,100,100,2.57,CA,1662795328
141,masterton,-40.9597,175.6575,11.05,96,100,1.44,NZ,1662795329
142,rassvet,46.8333,40.75,17.06,46,10,6,RU,1662795330
143,fairbanks,64.8378,-147.7164,7.12,88,0,2.06,US,1662795331
144,foumban,5.7291,10.9001,17.68,96,100,0.25,CM,1662795331
145,kuminskiy,58.6667,66.5667,9.38,80,100,2.54,RU,1662795333
146,laguna,38.421,-121.4238,28.94,44,0,4.12,US,1662795334
147,morros,-9.4467,-46.3003,20.68,46,0,1.52,BR,1662795334
148,byron bay,-28.65,153.6167,21.51,61,8,3.94,AU,1662795321
149,wad rawah,15.1603,33.1397,34.36,38,77,4.85,SD,1662795335
150,kaitangata,-46.2817,169.8464,6.78,94,4,0.68,NZ,1662795336
151,narsaq,60.9167,-46.05,6.12,65,100,1,GL,1662795337
152,porto novo,6.4965,2.6036,25.9,74,85,4.55,BJ,1662795337
153,butaritari,3.0707,172.7902,27.75,70,100,7.82,KI,1662795338
154,dalvik,65.9702,-18.5286,3.96,77,100,1.71,IS,1662795339
155,la ronge,55.1001,-105.2842,7.14,81,20,2.57,CA,1662795340
156,balkanabat,39.5108,54.3671,28.19,28,0,0.81,TM,1662795341
157,paamiut,61.994,-49.6678,6.67,74,27,1.1,GL,1662795341
158,khipro,25.8285,69.3772,40.39,25,0,1,PK,1662795342
159,karratha,-20.7377,116.8463,25.59,43,0,9.46,AU,1662795343
160,katsuura,35.1333,140.3,24.49,75,5,9.24,JP,1662795343
161,arman,59.7,150.1667,11.12,90,51,0.97,RU,1662795344
162,seoni,22.0833,79.5333,29.99,66,90,4.79,IN,1662795345
163,touros,-5.1989,-35.4608,22.42,85,38,5.04,BR,1662795346
164,storslett,69.7678,21.0247,10,87,100,3.09,NO,1662795347
165,nome,64.5011,-165.4064,7.31,81,100,6.17,US,1662795348
166,castro,-24.7911,-50.0119,17.24,75,30,1.46,BR,1662795349
167,sao gabriel da cachoeira,-0.1303,-67.0892,21.76,98,100,0.79,BR,1662795350
168,ambon,-3.6954,128.1814,25.08,94,75,2.57,ID,1662795104
169,cidreira,-30.1811,-50.2056,11.09,75,100,8.18,BR,1662795351
170,bitung,1.4451,125.1824,28.47,75,79,4.87,ID,1662794910
171,pacific grove,36.6177,-121.9166,16.9,90,100,1.54,US,1662795353
172,verkhoyansk,67.5447,133.385,11.4,41,100,7.13,RU,1662795353
173,vila franca do campo,37.7167,-25.4333,23.23,85,10,5.85,PT,1662795355
174,umm kaddadah,13.6017,26.6876,29.6,46,94,2.4,SD,1662795356
175,lagos,6.5833,3.75,25.18,81,75,3.11,NG,1662795357
176,waipawa,-41.4122,175.5153,7.91,91,100,2.67,NZ,1662795358
177,cockburn town,21.4612,-71.1419,28.84,76,95,5.26,TC,1662795359
178,havelock,34.8791,-76.9013,24.41,92,99,3.47,US,1662795359
179,goleta,36.8181,10.305,27,74,20,2.06,TN,1662795360
180,zhanaozen,43.3,52.8,21.52,31,100,8.82,KZ,1662795360
181,springbok,-29.6643,17.8865,20.48,20,12,2.32,ZA,1662795361
182,puri,19.8,85.85,27.29,80,100,8.79,IN,1662795362
183,sicuani,-14.2694,-71.2261,4.78,83,0,0.99,PE,1662795362
184,asau,46.4333,26.4,18.51,62,15,2.72,RO,1662795363
185,sao jose da coroa grande,-8.8978,-35.1478,22.31,89,66,3.09,BR,1662795364
186,ciechocinek,52.8791,18.7951,13.7,97,100,2.77,PL,1662795365
187,burla,21.5,83.8667,32.41,74,98,4.98,IN,1662795366
188,humaita,-7.5061,-63.0208,23.52,78,2,0.58,BR,1662795367
189,ambanja,-13.6833,48.45,27.96,45,8,3.13,MG,1662795368
190,borova,50.1763,30.1043,9.63,92,100,6.8,UA,1662795369
191,kahului,20.8947,-156.47,26.58,82,0,3.09,US,1662795370
192,ancud,-41.8697,-73.8203,7.35,93,11,1.16,CL,1662795371
193,ahipara,-35.1667,173.1667,10.84,82,18,1.92,NZ,1662795372
194,nsanje,-16.92,35.262,30.94,35,0,1.09,MW,1662795373
195,kulhudhuffushi,6.6221,73.07,27.11,83,100,7.14,MV,1662795373
196,bowen,-20.0167,148.2333,22.65,85,0,4.04,AU,1662795375
197,cherskiy,68.75,161.3,10,79,98,0.77,RU,1662795376
198,fare,-16.7,-151.0167,25.68,74,3,9.7,PF,1662795376
199,panguna,-6.3164,155.4848,20.46,97,82,1.53,PG,1662795377
200,rabaul,-4.1967,152.1721,28.47,71,68,4.34,PG,1662795378
201,ambatondrazaka,-17.8333,48.4167,23.57,41,2,2.93,MG,1662795379
202,stornoway,58.2093,-6.3865,11.13,96,0,0,GB,1662795379
203,portobelo,9.55,-79.65,24.47,85,64,0.46,PA,1662795380
204,longyearbyen,78.2186,15.6401,2.91,81,75,1.54,SJ,1662795381
205,san quintin,30.4833,-115.95,24.01,77,100,8.8,MX,1662795382
206,dunedin,-45.8742,170.5036,8.22,85,18,0.45,NZ,1662795382
207,souillac,-20.5167,57.5167,25.21,57,75,7.72,MU,1662795383
208,matara,5.9485,80.5353,29.11,68,34,6.56,LK,1662795384
209,kiruna,67.8557,20.2251,5.51,87,90,3.09,SE,1662795385
210,margate,51.3813,1.3862,15.94,90,64,0.89,GB,1662795386
211,severo-kurilsk,50.6789,156.125,11.74,78,0,8.26,RU,1662795387
212,meulaboh,4.1363,96.1285,28.53,68,100,2.95,ID,1662795387
213,bambous virieux,-20.3428,57.7575,25.14,57,75,7.72,MU,1662795388
214,nemuro,43.3236,145.575,16.64,71,0,4.7,JP,1662795388
215,ixtapa,20.7,-105.2,27.9,81,100,0.73,MX,1662795389
216,khasan,42.4308,130.6434,20.29,78,91,2.33,RU,1662795390
217,bethel,41.3712,-73.414,17.17,87,0,0,US,1662795390
218,caravelas,-17.7125,-39.2481,18.65,81,0,2.06,BR,1662795391
219,comodoro rivadavia,-45.8667,-67.5,8.92,61,0,4.63,AR,1662795392
220,srednekolymsk,67.45,153.6833,5.69,94,100,3.37,RU,1662795393
221,klaksvik,62.2266,-6.589,9.51,85,47,4.5,FO,1662795393
222,barcelos,41.5388,-8.6151,19.95,68,3,0.89,PT,1662795394
223,varenikovskaya,45.1209,37.6417,23.18,27,23,6.75,RU,1662795395
224,lethem,3.3803,-59.7968,23.71,83,100,2.38,GY,1662795396
225,new norfolk,-42.7826,147.0587,13.29,83,100,1.34,AU,1662795397
226,katobu,-4.9408,122.5276,29.38,57,85,0.68,ID,1662795397
227,warri,5.5167,5.75,26.9,73,99,3.5,NG,1662795399
228,banikoara,11.2985,2.4386,24.44,84,45,1.05,BJ,1662795399
229,kieta,-6.2167,155.6333,25.96,85,98,2.48,PG,1662795400
230,morant bay,17.8815,-76.4093,27.79,85,11,3.4,JM,1662795401
231,dingle,10.9995,122.6711,28.51,83,100,4.67,PH,1662795401
232,manggar,-2.8833,108.2667,27.06,77,100,1.92,ID,1662795402
233,kodiak,57.79,-152.4072,11.73,58,0,4.63,US,1662795403
234,manta,-0.95,-80.7333,19.88,88,100,3.6,EC,1662795403
235,askoy,60.4092,5.226,15.97,70,0,1.54,NO,1662795404
236,koumac,-20.5667,164.2833,23.96,81,4,2.46,NC,1662795405
237,namtsy,62.7161,129.6658,5.76,68,100,5.79,RU,1662795406
238,iqaluit,63.7506,-68.5145,3.85,100,100,1.54,CA,1662795406
239,sinnar,13.5691,33.5672,30.02,55,100,4.65,SD,1662795407
240,nuuk,64.1835,-51.7216,7.34,87,17,1.03,GL,1662795408
241,tocopilla,-22.092,-70.1979,14.69,73,21,3.08,CL,1662795410
242,valls,41.2861,1.2499,24.71,81,40,2.57,ES,1662795410
243,kaseda,31.4167,130.3167,27.88,69,63,1.97,JP,1662795412
244,kalulushi,-12.8378,28.0919,25.44,24,2,3.73,ZM,1662795413
245,viljoenskroon,-27.2084,26.9485,27.11,14,0,3.84,ZA,1662795413
246,xuddur,4.1213,43.8894,30.59,35,86,9.38,SO,1662795414
247,ambilobe,-13.2,49.05,32.75,28,10,0.94,MG,1662795415
248,moussoro,13.6408,16.4901,23.51,89,100,5.76,TD,1662795415
249,yabrud,33.9674,36.6574,27.62,23,0,3.15,SY,1662795416
250,havre-saint-pierre,50.2334,-63.5986,11,100,100,1.54,CA,1662795417
251,chuy,-33.6971,-53.4616,4.94,79,6,4.49,UY,1662795418
252,faanui,-16.4833,-151.75,25.72,74,4,9.75,PF,1662795419
253,mbini,1.574,9.6134,24.88,82,100,2.88,GQ,1662795419
254,tual,-5.6667,132.75,27.24,82,15,6.54,ID,1662795420
255,airai,-8.9266,125.4092,22.77,50,11,1.12,TL,1662795421
256,qurayyat,31.3318,37.3428,30.1,30,0,5.66,SA,1662795422
257,tibacuy,4.3511,-72.4564,22.4,87,100,2.4,CO,1662795423
258,husavik,66.0449,-17.3389,12.11,80,100,2.52,IS,1662795424
259,barrow,71.2906,-156.7887,2.01,93,100,9.26,US,1662795424
260,tera,14.0078,0.7531,26.67,72,95,4.01,NE,1662795425
261,grindavik,63.8424,-22.4338,13.97,100,75,2.57,IS,1662795426
262,upernavik,72.7868,-56.1549,6.82,85,100,2.85,GL,1662795427
263,corinto,37.9407,22.9573,27.72,44,0,1.83,GR,1662795428
264,luganville,-15.5333,167.1667,26.26,79,84,4.2,VU,1662795428
265,adilabad,19.6667,78.5333,30.19,71,98,4.05,IN,1662795429
266,mitsamiouli,-11.3847,43.2844,25.14,70,3,1.48,KM,1662795430
267,victoria,22.2855,114.1577,32.03,76,70,4.47,HK,1662795419
268,kralendijk,12.15,-68.2667,28.99,79,100,7.2,BQ,1662795431
269,taperoa,-7.2075,-36.8267,18.06,94,44,4.34,BR,1662795432
270,aripuana,-9.1667,-60.6333,22.48,80,31,0.55,BR,1662795432
271,tottori,35.5,134.2333,26.04,73,75,6.69,JP,1662795433
272,saskylakh,71.9167,114.0833,3.45,96,100,6.29,RU,1662795433
273,henties bay,-22.116,14.2845,15.68,76,0,3.4,NA,1662795435
274,nishihara,26.1842,127.7558,30.03,77,75,7.72,JP,1662795435
275,sarkand,45.41,79.9186,27.74,23,47,4.09,KZ,1662795436
276,okhotsk,59.3833,143.3,14.08,55,1,9.78,RU,1662795437
277,javanrud,34.7961,46.5172,30.77,12,0,6.24,IR,1662795437
278,provost,52.3501,-110.2683,4.25,49,56,3.28,CA,1662795438
279,tabas,33.5959,56.9244,37.21,8,0,2.04,IR,1662795439
280,berdigestyakh,62.0989,126.6992,7.57,61,95,4.39,RU,1662795439
281,marsabit,2.3284,37.9899,23.17,37,46,10.66,KE,1662795440
282,bantry,51.6833,-9.45,14.61,85,20,1.7,IE,1662795441
283,kushnarenkovo,55.105,55.3508,12.2,43,82,5.67,RU,1662795442
284,le port,-20.9373,55.2919,25.14,53,7,2.62,RE,1662795442
285,smithers,54.7804,-127.1743,7.18,100,0,0,CA,1662795443
286,buala,-8.145,159.5921,26.89,79,62,4.2,SB,1662795444
287,badhni kalan,30.6833,75.2833,36.09,45,0,0.8,IN,1662795445
288,okha,53.5739,142.9478,14.28,71,23,2.34,RU,1662795446
289,auki,-8.7676,160.7034,25.27,83,38,2.51,SB,1662795446
290,kruisfontein,-34.0033,24.7314,19.38,67,100,2.41,ZA,1662795447
291,bukoba,-1.3317,31.8122,25.37,54,18,2.49,TZ,1662795448
292,savannah bight,16.45,-85.85,28.83,80,99,9.17,HN,1662795449
293,la rioja,42.25,-2.5,10.88,48,5,0.91,ES,1662795450
294,yaan,7.3833,8.5667,24.08,90,99,1.9,NG,1662795450
295,viking,53.1001,-111.7684,4.07,51,44,3.85,CA,1662795451
296,acapulco,16.8634,-99.8901,25.9,83,75,4.63,MX,1662795451
297,korla,41.7597,86.1469,35.25,9,1,3.89,CN,1662795452
298,bukachacha,52.9833,116.9167,14.39,67,100,3.46,RU,1662795453
299,yashalta,46.3395,42.2762,19.03,30,2,5.17,RU,1662795453
300,kapit,2.0167,112.9333,31.03,61,100,1.34,MY,1662795454
301,corner brook,48.9667,-57.9484,6.09,95,2,1.32,CA,1662795454
302,port blair,11.6667,92.75,30.02,70,75,6.69,IN,1662795455
303,sembe,1.6481,14.5806,23.95,89,92,1.55,CG,1662795455
304,noumea,-22.2763,166.4572,23.99,80,8,1.73,NC,1662794735
305,rindal,63.0565,9.2124,13.12,62,98,0.18,NO,1662795457
306,itarema,-2.9248,-39.9167,24.91,80,49,6.5,BR,1662795457
307,saiha,22.4833,92.9667,27.11,81,98,1.58,IN,1662795284
308,abu kamal,34.4506,40.9171,37.28,13,0,1.07,SY,1662795458
309,truth or consequences,33.1284,-107.2528,24.13,38,0,5.14,US,1662795459
310,burnie,-41.0667,145.9167,11.08,64,100,8.35,AU,1662795461
311,urumqi,43.801,87.6005,23.53,31,0,3,CN,1662795461
312,risod,19.9667,76.7833,29.11,68,100,5.06,IN,1662795462
313,cavalcante,-13.7975,-47.4583,19.34,39,0,1.87,BR,1662795462
314,coquimbo,-29.9533,-71.3436,11.1,83,0,1.14,CL,1662795463
315,parana,-31.732,-60.5238,9.2,64,0,0.4,AR,1662795464
316,srbac,45.0978,17.525,19.07,75,69,2.68,BA,1662795465
317,ust-koksa,50.2696,85.6108,19.66,27,42,0.84,RU,1662795467
318,lorengau,-2.0226,147.2712,28.09,74,97,3.61,PG,1662795467
319,bodden town,19.2833,-81.25,28.85,79,8,7.28,KY,1662795468
320,carlos chagas,-17.7031,-40.7664,15.87,87,0,0.47,BR,1662795469
321,jiuquan,39.7432,98.5174,31.2,7,0,4.23,CN,1662795470
322,tangzhai,34.4328,116.5911,28.82,37,43,3.39,CN,1662795470
323,nanortalik,60.1432,-45.2371,6.18,81,89,4.01,GL,1662795471
324,rantepao,-2.9701,119.8978,26.04,65,37,1.96,ID,1662795471
325,monte azul,-15.155,-42.8747,15.7,72,0,2.17,BR,1662795472
326,shimoda,34.6667,138.95,28.2,66,99,6.24,JP,1662795411
327,lac-megantic,45.5834,-70.8823,12.51,95,0,1.23,CA,1662795473
328,yakima,46.4665,-120.6678,18.72,40,0,3.6,US,1662795474
329,hobyo,5.3505,48.5268,28.5,63,100,10,SO,1662795475
330,mudanjiang,44.5833,129.6,27.17,53,31,1.36,CN,1662795475
331,ketchikan,55.3422,-131.6461,11.99,93,0,1.54,US,1662795476
332,talnakh,69.4865,88.3972,5.67,97,100,2.36,RU,1662795476
333,christchurch,-43.5333,172.6333,11.62,85,75,7.2,NZ,1662795472
334,mulege,26.8833,-111.9833,26.09,72,3,2.34,MX,1662795478
335,ilulissat,69.2167,-51.1,6.01,81,75,0.51,GL,1662795479
336,bulgan,48.8125,103.5347,17.27,57,100,3.08,MN,1662795480
337,rawlins,41.7911,-107.2387,6.94,70,100,5.66,US,1662795482
338,ulladulla,-35.35,150.4667,13.5,86,100,1.92,AU,1662795483
339,pasighat,28.0667,95.3333,33.84,41,19,1.56,IN,1662795418
340,key west,24.5557,-81.7826,32,78,20,5.66,US,1662795486
341,saint-georges,12.0564,-61.7485,27.21,71,55,4.93,GD,1662795486
342,broken hill,-31.95,141.4333,14.69,48,9,4.53,AU,1662795397
343,hamilton,39.1834,-84.5333,22.22,90,0,0.45,US,1662795487
344,praya,14.9215,-23.5087,25.3,100,40,2.06,CV,1662795488
345,yamada,39.4667,141.95,20.88,84,8,4.16,JP,1662795489
346,putnok,48.3,20.4333,17.25,91,100,0.51,HU,1662795490
347,hovd,48.0056,91.6419,19.83,34,64,2.55,MN,1662795490
348,hay river,60.8156,-115.7999,9.99,76,75,2.57,CA,1662795491
349,huarmey,-10.0681,-78.1522,15.55,85,33,2.78,PE,1662795492
350,san felipe,10.3399,-68.7425,22.1,86,93,1.4,VE,1662795493
351,geraldton,-28.7667,114.6,21.23,52,0,6.69,AU,1662795493
352,makinsk,52.6292,70.4169,17.28,28,100,3.33,KZ,1662795494
353,kerman,30.2832,57.0788,30.92,11,0,3.09,IR,1662795495
354,kenai,60.5544,-151.2583,11.16,76,0,10.29,US,1662795496
355,hammond,41.5834,-87.5,19.99,92,40,0,US,1662795496
356,peace river,56.2501,-117.286,10.36,74,0,2.06,CA,1662795497
357,yenisehir,40.2644,29.6531,22.03,60,0,0.51,TR,1662795498
358,sydney mines,46.2367,-60.2177,17.78,80,40,9.39,CA,1662795498
359,soto la marina,23.7667,-98.2167,24.87,92,6,1.16,MX,1662795499
360,saint-pierre,-21.3393,55.4781,24.95,57,0,10.8,RE,1662795500
361,port keats,-14.25,129.55,28.17,62,0,4.72,AU,1662795501
362,ossora,59.2353,163.0719,9.94,82,100,2.97,RU,1662795501
363,wagga wagga,-35.1167,147.3667,13.25,89,18,4.33,AU,1662795438
364,wageningen,51.9667,5.6667,17.14,98,75,3.09,NL,1662795503
365,anloga,5.7947,0.8973,25.5,81,52,7.32,GH,1662795504
366,calvinia,-31.4707,19.776,18.68,18,21,3.42,ZA,1662795505
367,sorong,-0.8833,131.25,27.35,79,81,1.67,ID,1662795505
368,evensk,61.95,159.2333,7.5,82,63,0.63,RU,1662795507
369,maceio,-9.6658,-35.7353,21.69,100,100,4.12,BR,1662795508
370,pangnirtung,66.1451,-65.7125,8.63,90,100,2.16,CA,1662795508
371,ayabaca,-4.6398,-79.7149,8.21,70,100,2.52,PE,1662795509
372,niquero,20.0431,-77.5828,26.45,80,12,2.46,CU,1662795510
373,havoysund,70.9963,24.6622,8.13,83,100,11.41,NO,1662795511
374,fortuna,40.5982,-124.1573,13.14,94,0,1.54,US,1662795511
375,batagay-alyta,67.8006,130.4114,7.86,41,99,5.79,RU,1662795512
376,ormara,25.2088,64.6357,30.05,68,13,5.13,PK,1662795512
377,avenal,36.0041,-120.129,31.87,42,100,6.06,US,1662795513
378,hirara,24.8,125.2833,29.15,84,75,8.23,JP,1662795324
379,isangel,-19.55,169.2667,24.01,85,36,3.01,VU,1662795514
380,khash,28.2211,61.2158,33.29,9,0,1.35,IR,1662795515
381,alice springs,-23.7,133.8833,18.75,37,100,4.63,AU,1662795468
382,cuenca,-2.8833,-78.9833,12.07,87,100,0,EC,1662795516
383,vaitape,-16.5167,-151.75,25.74,74,4,9.73,PF,1662795517
384,sandusky,41.3501,-83.1332,22.13,72,61,2.96,US,1662795518
385,daru,-9.0763,143.2092,26.66,83,80,4.57,PG,1662795520
386,qaqortoq,60.7167,-46.0333,6.83,73,100,1.38,GL,1662795520
387,kavaratti,10.5669,72.642,26.89,84,100,9.26,IN,1662795521
388,saint anthony,45.0205,-93.218,15.96,95,40,1.54,US,1662795522
389,ankazobe,-18.3167,47.1167,21.88,32,5,3.72,MG,1662795522
390,kushmurun,52.4503,64.6311,18.83,28,100,4.9,KZ,1662795523
391,salym,60.0625,71.4789,7.62,78,100,1.06,RU,1662795523
392,altamont,42.2068,-121.7372,18.91,14,0,4.63,US,1662795268
393,gumdag,39.2061,54.5906,28.41,28,0,2.66,TM,1662795525
394,moranbah,-22.0016,148.0466,23.12,27,3,2.97,AU,1662795483
395,olinda,-8.0089,-34.8553,21.85,88,75,1.03,BR,1662795526
396,coihaique,-45.5752,-72.0662,7.34,98,100,3.22,CL,1662795527
397,bull savanna,17.8868,-77.5902,24.97,88,5,3.55,JM,1662795527
398,sorland,67.667,12.6934,9.92,80,100,5.65,NO,1662795528
399,satipo,-11.2522,-74.6386,20.84,73,4,0.97,PE,1662795528
400,leningradskiy,69.3833,178.4167,3.85,79,54,4.39,RU,1662795530
401,san patricio,28.017,-97.5169,28.8,74,70,2.26,US,1662795531
402,avera,33.194,-82.5271,21.03,97,100,3.76,US,1662795532
403,mogwase,-25.185,27.2665,25.3,22,0,3.25,ZA,1662795532
404,mandurah,-32.55,115.7,18.28,70,98,5.74,AU,1662795482
405,lata,40.1629,-8.3327,17.82,65,2,0.82,PT,1662795534
406,amla,21.9333,78.1167,29.07,66,94,3.2,IN,1662795535
407,walvis bay,-22.9575,14.5053,10.53,93,100,2.06,NA,1662795535
408,oksfjord,70.2396,22.3479,10.04,92,100,3.62,NO,1662795536
409,chipinge,-20.1883,32.6236,25.69,16,0,1.08,ZW,1662795537
410,sioux lookout,50.1001,-91.917,8.04,100,75,0,CA,1662795538
411,durusu,41.3053,28.6767,24.35,81,0,2.68,TR,1662795538
412,roald,62.5833,6.1333,14.53,82,20,4.12,NO,1662795539
413,mazyr,52.0495,29.2456,10.78,64,100,7.16,BY,1662795539
414,westport,41.1415,-73.3579,18.9,86,0,0.89,US,1662795540
415,manavadar,21.5,70.1333,34.36,53,100,1.84,IN,1662795541
416,kilinochchi,9.3961,80.3982,31.18,60,100,8.43,LK,1662795542
417,shieli,44.1667,66.75,28.16,15,65,4.95,KZ,1662795542
418,chapadinha,-3.7417,-43.3603,20.93,99,45,1.3,BR,1662795543
419,celestun,20.8667,-90.4,25.03,91,75,2.89,MX,1662795544
420,ayagoz,47.9714,80.4392,21.98,11,3,2.33,KZ,1662795544
421,aasiaat,68.7098,-52.8699,3.58,93,100,1.47,GL,1662795545
422,yerbogachen,61.2767,108.0108,7.13,77,100,3.26,RU,1662795547
423,takoradi,4.8845,-1.7554,24.75,83,100,4.46,GH,1662795548
424,cedral,23.8,-100.7333,18.39,77,100,4.02,MX,1662795549
425,chara,56.9064,118.2631,11.18,61,55,2.02,RU,1662795549
426,woodward,36.4337,-99.3904,22.57,62,100,3.6,US,1662795550
427,wanning,18.8003,110.3967,29.62,65,35,3.87,CN,1662795488
428,mayo,38.8876,-76.5119,19.97,94,26,2.12,US,1662795551
429,ulcinj,41.9294,19.2244,22.77,80,41,4.85,ME,1662795551
430,naryan-mar,67.6713,53.087,8.75,76,100,4.12,RU,1662795552
431,angoram,-4.0625,144.0661,26.42,87,63,1.88,PG,1662795553
432,impfondo,1.6381,18.0667,27.07,68,94,1.49,CG,1662795553
433,shetpe,44.1667,52.1167,19.08,30,17,9.37,KZ,1662795554
434,puksoozero,62.5903,40.6066,10.29,59,100,3.25,RU,1662795555
435,mehamn,71.0357,27.8492,8.95,87,100,9.26,NO,1662795555
436,olutanga,7.3106,122.8464,28.48,69,100,2.64,PH,1662795556
437,baykit,61.67,96.37,5.53,97,100,1.52,RU,1662795557
438,haines junction,60.7522,-137.5108,5.97,65,100,1.03,CA,1662795557
439,visby,57.6409,18.296,13.36,94,75,4.63,SE,1662795546
440,rio gallegos,-51.6226,-69.2181,6.03,65,20,4.63,AR,1662795559
441,sola,-13.8833,167.55,26.98,77,96,8.88,VU,1662795559
442,wembley,-31.9333,115.8,22.11,52,0,5.66,AU,1662795560
443,necochea,-38.5473,-58.7368,3.26,86,5,3.85,AR,1662795561
444,sisimiut,66.9395,-53.6735,6.71,82,100,1.86,GL,1662795422
445,biak,-0.9131,122.8766,26.68,74,100,2.09,ID,1662795563
446,nantucket,41.2835,-70.0995,18.03,94,0,2.57,US,1662795563
447,rongcheng,30.634,117.8517,28.97,46,81,3.14,CN,1662795564
448,pochutla,15.7432,-96.4661,23.79,89,100,1.28,MX,1662795564
449,khani,41.9563,42.9566,19.76,29,5,2.43,GE,1662795565
450,mount isa,-20.7333,139.5,30.87,14,0,3.6,AU,1662795566
451,mantua,45.1667,10.7833,22.83,78,8,0.89,IT,1662795566
452,jiaojiang,28.6803,121.4428,27.01,61,2,5.09,CN,1662795567
453,zhanakorgan,43.9098,67.2495,28.84,15,26,5.36,KZ,1662795568
454,tecoanapa,16.5167,-98.75,24.64,89,100,2.55,MX,1662795568
455,dakoro,14.5106,6.765,26.82,63,94,2.44,NE,1662795569
456,manerbio,45.3558,10.1352,22.15,78,20,2.06,IT,1662795570
457,tilichiki,60.4667,166.1,8.88,96,100,2.92,RU,1662795570
458,padang,-0.9492,100.3543,30.03,64,100,1.93,ID,1662794772
459,labuhan,-6.8844,112.2051,28.97,65,100,4.83,ID,1662795571
460,egvekinot,66.3167,-179.1667,2.12,81,0,0.22,RU,1662795572
461,salta,-24.7859,-65.4117,5.32,51,0,2.57,AR,1662795572
462,wagrowiec,52.8084,17.1996,15.04,93,100,2.72,PL,1662795573
463,kerchevskiy,59.946,56.2884,6.9,91,100,2.23,RU,1662795574
464,bonavista,48.6499,-53.1147,13.73,86,100,6.07,CA,1662795574
465,livingstone,-17.8419,25.8543,25.66,19,0,2.85,ZM,1662795575
466,atar,20.5169,-13.0499,32.65,30,8,4.33,MR,1662795576
467,sept-iles,50.2001,-66.3821,14.29,98,100,1.54,CA,1662795576
468,wichian buri,15.6578,101.106,30.24,74,97,3.05,TH,1662795577
469,moron,-34.6534,-58.6198,6.86,74,0,1.96,AR,1662795564
470,kachug,53.9606,105.8817,15.83,40,46,1.49,RU,1662795578
471,kununurra,-15.7667,128.7333,36.99,25,19,3.6,AU,1662795579
472,college,64.8569,-147.8028,7.11,88,40,2.06,US,1662795579
473,kosa,59.9445,54.9977,7.52,85,100,2.6,RU,1662795580
474,lazaro cardenas,17.9583,-102.2,26.09,86,100,2.39,MX,1662795581
475,omboue,-1.5746,9.2618,24.95,79,99,3.62,GA,1662795581
476,nabire,-3.3667,135.4833,27.12,84,100,1.7,ID,1662795309
477,faya,18.3851,42.4509,26.29,19,75,6.03,SA,1662795582
478,mount gambier,-37.8333,140.7667,9.99,77,99,3.27,AU,1662795583
479,magan,39.9683,-3.931,24.62,35,39,0.46,ES,1662795584
480,tokmak,47.2514,35.7058,16.84,47,100,6.91,UA,1662795584
481,svetlyy,54.675,20.1347,13.31,85,100,4.29,RU,1662795585
482,itupiranga,-5.1347,-49.3267,25.18,55,30,1.76,BR,1662795585
483,ofunato,39.0717,141.7167,22.22,82,0,5.2,JP,1662795586
484,makow mazowiecki,52.8649,21.1005,12.55,82,100,3.51,PL,1662795587
485,kaputa,-8.4689,29.6619,26.25,37,59,2.28,ZM,1662795588
486,vestmannaeyjar,63.4427,-20.2734,11.01,96,100,2.62,IS,1662795588
487,arroio do meio,-29.4011,-51.945,10.18,94,100,2.3,BR,1662795589
488,kudahuvadhoo,2.6708,72.8944,27.76,74,69,5.56,MV,1662795590
489,axim,4.8699,-2.2405,24.96,82,95,4.77,GH,1662795590
490,carauari,-4.8828,-66.8958,22.08,97,100,0.47,BR,1662795591
491,matagami,49.7502,-77.6328,18.06,77,0,3.6,CA,1662795592
492,dimbokro,6.6451,-4.7048,23.86,92,95,2.42,CI,1662795593
493,taksimo,56.3444,114.8794,12.96,52,91,1.22,RU,1662795593
494,sistranda,63.7256,8.834,10.98,69,44,3.41,NO,1662795594
495,kiunga,-6.1219,141.2906,25.41,96,97,0.9,PG,1662795595
496,hami,42.8,93.45,36.11,7,11,1.57,CN,1662795595
497,lincoln,40.8,-96.667,16.95,81,100,6.17,US,1662795427
498,preston,53.7667,-2.7167,16.77,78,92,3.66,GB,1662795525
499,ukiah,39.1502,-123.2078,25.91,46,0,0,US,1662795597
500,kalashnikovo,57.2824,35.2262,12.19,49,7,2.04,RU,1662795597
501,dwarka,22.2394,68.9678,32.04,66,61,3.55,IN,1662795598
502,tabou,4.423,-7.3528,25.03,83,88,4.06,CI,1662795599
503,tomatlan,19.9333,-105.25,23.56,93,89,1.05,MX,1662795600
504,nouadhibou,20.931,-17.0347,21.99,88,99,6.69,MR,1662795600
505,saint-tite,46.7334,-72.5658,17.13,90,0,0.4,CA,1662795601
506,general roca,-39.0333,-67.5833,8.6,29,0,2.41,AR,1662795602
507,coruripe,-10.1256,-36.1756,21.79,89,39,3.64,BR,1662795603
508,haskovo,41.9403,25.5694,25.19,65,17,1.05,BG,1662795558
509,sitka,57.0531,-135.33,10.94,87,40,2.57,US,1662795606
510,bubaque,11.2833,-15.8333,26.63,82,75,3.97,GW,1662795607
511,santa cruz de la palma,28.6835,-17.7642,23.08,83,75,4.12,ES,1662795608
512,kloulklubed,7.0419,134.2556,29.28,65,100,1.86,PW,1662795610
513,haapiti,-17.5667,-149.8667,23.85,72,1,10.14,PF,1662795611
514,tazovskiy,67.4667,78.7,3.8,97,100,5.43,RU,1662795612
515,lasa,46.6166,10.7002,12.61,75,59,1.1,IT,1662795613
516,ovalle,-30.5983,-71.2003,10.28,70,0,0.68,CL,1662795614
517,storforshei,66.4043,14.5233,7.88,81,20,1.54,NO,1662795614
518,ojinaga,29.5667,-104.4167,25.53,53,0,4.12,MX,1662795615
519,mackay,-21.15,149.2,21.24,61,0,1.67,AU,1662795616
520,bontang,0.1333,117.5,28.26,63,96,1.99,ID,1662795617
521,pringsewu,-5.3582,104.9744,27.2,75,100,1.45,ID,1662795484
522,prosvet,55.5703,65.0825,14.74,47,100,1.9,RU,1662795618
523,namibe,-15.1961,12.1522,20.35,83,100,0,AO,1662795619
524,harwich,51.9419,1.2844,16.95,89,99,3.58,GB,1662795620
525,churapcha,62.0025,132.4325,6.77,59,92,6.55,RU,1662795621
526,mandiana,10.6333,-8.6833,21,97,100,2.72,GN,1662795622
527,revelstoke,50.9832,-118.2023,10.01,76,0,0,CA,1662795622
528,pekin,39.9075,116.3972,30.94,32,4,3.37,CN,1662795623
529,la palma,33.8464,-118.0467,24.39,94,100,2.57,US,1662795624
530,brooks,50.5834,-111.8851,5.58,85,7,0.51,CA,1662795624
531,akdepe,42.0551,59.3788,25.05,25,1,9.49,TM,1662795625
532,constitucion,-35.3333,-72.4167,6.72,82,0,2.96,CL,1662795626
533,saint simons,31.1352,-81.3901,26.02,92,20,2.06,US,1662795627
534,leczna,51.3012,22.8814,12.17,100,100,4.12,PL,1662795601
535,matsuura,33.3271,129.721,30.37,84,81,5.51,JP,1662795629
536,camacha,33.0833,-16.3333,20.68,94,20,1.03,PT,1662795630
537,sinnamary,5.3833,-52.95,24.5,88,21,3.78,GF,1662795631
538,kalmunai,7.4167,81.8167,31.12,57,33,3.81,LK,1662795059
539,lompoc,34.6391,-120.4579,25.43,80,0,0.45,US,1662795632
540,kathu,7.9178,98.3332,30.9,70,100,4.63,TH,1662795634
541,jalpaiguri,26.5167,88.7333,34.49,48,8,4.2,IN,1662795635
542,lappersdorf,49.0569,12.09,13.67,91,100,0.45,DE,1662795637
543,tongliao,43.6125,122.2653,27.18,52,100,4.56,CN,1662795561
544,novoorsk,51.381,58.9813,11.36,81,100,6.96,RU,1662795638
545,kargil,34.5667,76.1,19.72,28,31,1.54,IN,1662795639
546,te anau,-45.4167,167.7167,4.97,94,16,0.27,NZ,1662795640
547,tarime,-1.35,34.3667,24.39,51,89,2.03,TZ,1662795640
548,braco do norte,-28.275,-49.1656,13.4,94,100,1.6,BR,1662795641
549,maldonado,-34.6667,-54.9167,8.66,70,32,6.77,UY,1662795642
550,kavieng,-2.5744,150.7967,27.79,77,90,5.09,PG,1662795643
551,cabedelo,-6.9811,-34.8339,21.37,81,7,4.59,BR,1662795643
552,antofagasta,-23.65,-70.4,13.6,86,56,2.25,CL,1662795644
553,port antonio,18.18,-76.4612,27.95,85,4,3.18,JM,1662795644
554,mentougou,39.9392,116.0917,30.52,33,6,2.96,CN,1662795645
555,zhigansk,66.7697,123.3711,3.7,91,100,8.85,RU,1662795646
556,ustka,54.5805,16.8619,14.25,80,100,5.29,PL,1662795611
557,bantogon,6.5333,124.0333,28.03,74,34,2.19,PH,1662795647
558,itoman,26.1247,127.6694,30.43,77,75,7.2,JP,1662795374
559,erzin,36.9559,36.2,31.73,34,0,2.58,TR,1662795648
560,manzanillo,20.3433,-77.1167,24.82,85,16,0.68,CU,1662795649
561,prado,-17.3411,-39.2208,18.68,83,0,2.52,BR,1662795650
562,ligayan,4.6533,119.4706,28.23,70,64,2.83,PH,1662795650
563,san cristobal,7.7669,-72.225,17.78,91,94,1.3,VE,1662795651
564,presidencia roque saenz pena,-26.7852,-60.4388,6.98,57,60,2.54,AR,1662795652
565,djougou,9.7085,1.666,23.49,87,60,1.82,BJ,1662795652
566,bathsheba,13.2167,-59.5167,27.34,83,75,3.09,BB,1662795654
567,zigong,29.3416,104.7769,28.55,56,78,3.21,CN,1662795654
568,lebanon,36.2081,-86.2911,23.03,88,75,0,US,1662795655
569,khorixas,-20.3667,14.9667,30.6,9,0,4.4,NA,1662795655
570,ylivieska,64.0833,24.55,12.4,61,65,3.18,FI,1662795656
571,kiboga,0.9161,31.7742,23.78,65,83,1.78,UG,1662795657
572,marsa matruh,31.3525,27.2453,27.11,61,20,3.09,EG,1662795658
573,nanaimo,49.1663,-123.936,17.69,61,0,2.06,CA,1662795658
574,gbarnga,6.9956,-9.4722,22.17,98,90,1.38,LR,1662795659
575,cartagena del chaira,1.3349,-74.8429,21.29,99,100,0.33,CO,1662795660
576,udachnyy,66.4167,112.4,5.25,60,100,9.47,RU,1662795661
577,turukhansk,65.8167,87.9833,6.41,58,100,1.83,RU,1662795661
578,iseyin,7.9667,3.6,22.84,91,94,2.32,NG,1662795662
579,tautira,-17.7333,-149.15,25.41,73,22,10.13,PF,1662795663
